,tweet_id,favorites,retweets
0,892420643555336193,38004,8310
1,892177421306343426,32634,6139
2,891815181378084864,24552,4064
3,891689557279858688,41347,8455
4,891327558926688256,39531,9154
5,891087950875897856,19865,3046
6,890971913173991426,11606,2018
7,890729181411237888,64126,18435
8,890609185150312448,27277,4182
9,890240255349198849,31298,7214
10,890006608113172480,30079,7170
11,889880896479866881,27276,4864
12,889665388333682689,47193,9819
13,889638837579907072,26634,4432
14,889531135344209921,14831,2198
15,889278841981685760,24767,5253
16,888917238123831296,28566,4401
17,888804989199671297,25077,4192
18,888554962724278272,19444,3471
19,888078434458587136,21335,3415
20,887705289381826560,29602,5275
21,887517139158093824,45400,11420
22,887473957103951883,67722,17766
23,887343217045368832,33045,10171
24,887101392804085760,29993,5832
25,886983233522544640,34473,7601
26,886736880519319552,11833,3209
27,886680336477933568,21998,4363
28,886366144734445568,20790,3130
29,886267009285017600,116,4
30,886258384151887873,27470,6145
31,886054160059072513,0,105
32,885984800019947520,32029,6631
33,885528943205470208,35312,6286
34,885518971528720385,20045,3676
35,885311592912609280,0,18153
36,885167619883638784,21510,4291
37,884925521741709313,75919,17854
38,884876753390489601,27395,5487
39,884562892145688576,23838,4589
40,884441805382717440,26485,5534
41,884247878851493888,71631,20060
42,884162670584377345,19961,2922
43,883838122936631299,21484,3374
44,883482846933004288,45061,9721
45,883360690899218434,22256,3622
46,883117836046086144,36463,6526
47,882992080364220416,23496,3839
48,882762694511734784,27764,4812
49,882627270321602560,27411,5952
50,882268110199369728,44093,11354
51,882045870035918850,28810,4861
52,881906580714921986,23853,3322
53,881666595344535552,49640,10446
54,881633300179243008,124,7
55,881536004380872706,48505,15611
56,881268444196462592,22655,5071
57,880935762899988482,16692,2730
58,880872448815771648,20867,3741
59,880465832366813184,28002,6146
60,880221127280381952,26550,4128
61,880095782870896641,27116,4262
62,879862464715927552,21913,3430
63,879674319642796034,305,10
64,879492040517615616,22999,3116
65,879415818425184262,103947,43399
66,879376492567855104,16470,3054
67,879130579576475649,0,6694
68,879050749262655488,22139,4629
69,879008229531029506,18635,2645
70,878776093423087618,19061,4048
71,878604707211726852,29714,7067
72,878404777348136964,0,1267
73,878316110768087041,0,6525
74,878281511006478336,7603,1267
75,878057613040115712,41280,6694
76,877736472329191424,78325,18731
77,877611172832227328,0,79
78,877556246731214848,22328,3739
79,877316821321428993,26915,5089
80,877201837425926144,26652,5482
81,876838120628539392,20328,3279
82,876537666061221889,23105,4562
83,876484053909872640,18438,2358
84,876120275196170240,27442,4608
85,875747767867523072,24767,4221
86,875144289856114688,21561,4848
87,875097192612077568,26952,5959
88,875021211251597312,25045,4645
89,874680097055178752,27352,4567
90,874434818259525634,0,14495
91,874296783580663808,25624,4043
92,874057562936811520,22296,3902
93,874012996292530176,34016,10252
94,873580283840344065,23831,3889
95,873337748698140672,0,1564
96,873213775632977920,7129,1564
97,872967104147763200,26944,5346
98,872820683541237760,14504,3649
99,872620804844003328,20504,3648
100,872486979161796608,40097,8928
101,872261713294495745,33730,6249
102,872122724285648897,33961,8039
103,871879754684805121,37441,11048
104,871762521631449091,20010,3447
105,871515927908634625,19954,3426
106,871166179821445120,0,5661
107,871102520638267392,20675,5464
108,871032628920680449,22407,3787
109,870804317367881728,33241,6161
110,870726314365509632,119,3
111,870656317836468226,12278,2628
112,870374049280663552,81862,26067
113,870308999962521604,21616,4134
114,870063196459192321,36310,8313
115,869772420881756160,42019,9990
116,869702957897576449,27972,6327
117,869596645499047938,15831,3126
118,869227993411051520,20288,3774
119,868880397819494401,65128,14451
120,868639477480148993,0,2097
121,868622495443632128,26552,5291
122,868552278524837888,10060,2097
123,867900495410671616,24052,4179
124,867774946302451713,33789,7344
125,867421006826221569,16028,2508
126,867072653475098625,0,121
127,867051520902168576,32085,7882
128,866720684873056260,19996,4822
129,866686824827068416,19258,3491
130,866450705531457537,121830,35403
131,866334964761202691,52385,14495
132,866094527597207552,0,8406
133,865718153858494464,25575,5646
134,865359393868664832,26426,5030
135,865006731092295680,27952,7728
136,864873206498414592,32255,8752
137,864279568663928832,14616,3055
138,864197398364647424,30145,9006
139,863907417377173506,20623,4178
140,863553081350529029,15310,4219
141,863471782782697472,0,2476
142,863432100342583297,23845,5310
143,863427515083354112,2270,97
144,863079547188785154,8780,1114
145,863062471531167744,8541,2476
146,862831371563274240,19202,5146
147,862722525377298433,17098,3564
148,862457590147678208,20586,5010
149,862096992088072192,74754,23566
150,861383897657036800,36210,10845
151,861288531465048066,17265,4208
152,861005113778896900,16779,3843
153,860981674716409858,0,2187
154,860924035999428608,0,835
155,860563773140209665,7546,2187
156,860524505164394496,23749,5362
157,860276583193509888,18396,3527
158,860184849394610176,16772,5939
159,860177593139703809,0,31379
160,859924526012018688,19674,4157
161,859851578198683649,15502,3568
162,859607811541651456,18719,1603
163,859196978902773760,90615,30752
164,859074603037188101,34122,13872
165,858860390427611136,0,8315
166,858843525470990336,15654,3547
167,858471635011153920,21696,4946
168,858107933456039936,15870,2976
169,857989990357356544,16285,2641
170,857746408056729600,34625,10874
171,857393404942143489,5973,1687
172,857263160327368704,20227,4625
173,857214891891077121,230,18
174,857062103051644929,0,177
175,857029823797047296,19153,4112
176,856602993587888130,0,10965
177,856543823941562368,16458,2954
178,856526610513747968,11996,1934
179,856330835276025856,0,699
180,856288084350160898,526,17
181,856282028240666624,28108,6499
182,855862651834028034,351,28
183,855860136149123072,5108,1057
184,855857698524602368,12017,2175
185,855851453814013952,46110,18236
186,855818117272018944,27015,5595
187,855459453768019968,30410,8463
188,855245323840757760,0,6177
189,855138241867124737,0,47
190,854732716440526848,23244,6320
191,854482394044301312,29837,7104
192,854365224396361728,19260,4856
193,854120357044912130,32604,7751
194,854010172552949760,16524,3271
195,853760880890318849,29181,6008
196,853639147608842240,35600,10545
197,853299958564483072,15876,3718
198,852936405516943360,0,2089
199,852912242202992640,9273,1913
200,852672615818899456,15271,2249
201,852553447878664193,16764,3664
202,852311364735569921,33946,10307
203,852226086759018497,20512,7098
204,852189679701164033,11760,1661
205,851953902622658560,0,10064
206,851861385021730816,0,23
207,851591660324737024,16637,3626
208,851464819735769094,24930,7412
209,851224888060895234,21262,5981
210,850753642995093505,31890,9713
211,850380195714523136,13436,2743
212,850333567704068097,3536,350
213,850145622816686080,16819,4019
214,850019790995546112,21071,5139
215,849776966551130114,31404,7979
216,849668094696017920,0,5208
217,849412302885593088,16378,3302
218,849336543269576704,11783,1987
219,849051919805034497,43822,8958
220,848690551926992896,26030,4543
221,848324959059550208,25572,4836
222,848213670039564288,8448,785
223,848212111729840128,16875,3234
224,847978865427394560,0,3436
225,847971574464610304,0,449
226,847962785489326080,24324,5380
227,847842811428974592,5663,1417
228,847617282490613760,7256,447
229,847606175596138505,19433,3582
230,847251039262605312,21184,4534
231,847157206088847362,20662,6182
232,847116187444137987,22185,3375
233,846874817362120707,20798,4151
234,846514051647705089,46287,12261
235,846505985330044928,14629,3263
236,846153765933735936,32864,9596
237,846139713627017216,32046,10452
238,846042936437604353,16591,3066
239,845812042753855489,30414,9250
240,845677943972139009,26067,5063
241,845397057150107648,7923,1914
242,845306882940190720,24223,5710
243,845098359547420673,0,8113
244,844979544864018432,14153,2736
245,844973813909606400,15702,3410
246,844704788403113984,40267,10965
247,844580511645339650,17138,3332
248,844223788422217728,14181,2335
249,843981021012017153,15744,3107
250,843856843873095681,22281,4917
251,843604394117681152,17575,2929
252,843235543001513987,22379,6426
253,842846295480000512,15849,3823
254,842765311967449089,7020,1356
255,842535590457499648,18850,3730
256,842163532590374912,25500,6177
257,842115215311396866,14585,3228
258,841833993020538882,0,16323
259,841680585030541313,26736,8255
260,841439858740625411,13165,3916
261,841320156043304961,20621,5797
262,841314665196081154,16518,5002
263,841077006473256960,23866,5661
264,840761248237133825,0,1870
265,840728873075638272,0,17244
266,840698636975636481,186,2
267,840696689258311684,12832,1043
268,840632337062862849,9364,1870
269,840370681858686976,17189,4854
270,840268004936019968,20116,6123
271,839990271299457024,14030,2451
272,839549326359670784,28774,8315
273,839290600511926273,0,154
274,839239871831150596,28449,6990
275,838952994649550848,20512,4248
276,838921590096166913,11684,2221
277,838916489579200512,0,36
278,838831947270979586,0,11806
279,838561493054533637,11422,1415
280,838476387338051585,23637,5146
281,838201503651401729,0,10789
282,838150277551247360,1758,354
283,838085839343206401,147,0
284,838083903487373313,18456,3376
285,837820167694528512,35805,8406
286,837482249356513284,4017,471
287,837471256429613056,13389,2456
288,837366284874571778,22141,5672
289,837110210464448512,16779,2560
290,836989968035819520,13335,2466
291,836753516572119041,20150,4944
292,836677758902222849,13217,2381
293,836648853927522308,0,585
294,836397794269200385,0,29634
295,836380477523124226,15436,3176
296,836260088725786625,22285,4600
297,836001077879255040,20025,4602
298,835685285446955009,0,8735
299,835574547218894849,18664,3883
300,835536468978302976,0,1824
301,835309094223372289,0,22565
302,835297930240217089,17228,3222
303,835264098648616962,8111,1824
304,835246439529840640,2193,78
305,835172783151792128,27426,6160
306,835152434251116546,23578,3241
307,834931633769889797,11373,1770
308,834786237630337024,22244,5893
309,834574053763584002,14362,2721
310,834477809192075265,0,11457
311,834458053273591808,10089,1804
312,834209720923721728,21648,5139
313,834167344700198914,16551,3906
314,834089966724603904,10550,2283
315,834086379323871233,13721,2386
316,833863086058651648,14086,2587
317,833826103416520705,18892,4013
318,833732339549220864,0,231
319,833722901757046785,21760,3454
320,833479644947025920,15608,2225
321,833124694597443584,21221,5208
322,832998151111966721,13965,2383
323,832769181346996225,0,40
324,832757312314028032,17687,3895
325,832682457690300417,12484,3163
326,832645525019123713,3068,559
327,832636094638288896,16658,3007
328,832397543355072512,12550,2394
329,832369877331693569,18052,3436
330,832273440279240704,11887,2514
331,832215909146226688,0,6666
332,832215726631055365,0,10111
333,832088576586297345,70,2
334,832040443403784192,0,10465
335,832032802820481025,18747,4993
336,831939777352105988,25237,6611
337,831926988323639298,360,35
338,831911600680497154,29112,7032
339,831670449226514432,10997,1952
340,831650051525054464,7560,2089
341,831552930092285952,9467,2472
342,831322785565769729,9692,1646
343,831315979191906304,6873,1204
344,831309418084069378,12347,2632
345,831262627380748289,12542,2212
346,830956169170665475,8383,1613
347,830583320585068544,70462,18153
348,830173239259324417,0,6154
349,830097400375152640,10353,3244
350,829878982036299777,0,5421
351,829861396166877184,12883,2113
352,829501995190984704,33463,11457
353,829449946868879360,11032,2197
354,829374341691346946,36488,10064
355,829141528400556032,25828,8007
356,829011960981237760,55883,17537
357,828801551087042563,0,3672
358,828770345708580865,26971,6340
359,828708714936930305,38610,12133
360,828650029636317184,10013,1458
361,828409743546925057,6637,1245
362,828408677031882754,8075,1390
363,828381636999917570,13317,2410
364,828376505180889089,7791,1150
365,828372645993398273,13231,3188
366,828361771580813312,2316,184
367,828046555563323392,12404,3097
368,828011680017821696,10929,2326
369,827933404142436356,21253,5651
370,827653905312006145,16264,3249
371,827600520311402496,7814,1027
372,827324948884643840,16752,3321
373,827199976799354881,11160,2428
374,826958653328592898,22793,5421
375,826848821049180160,38521,11062
376,826615380357632002,0,4279
377,826598799820865537,5401,275
378,826598365270007810,10643,2548
379,826476773533745153,19466,4541
380,826240494070030336,14045,2808
381,826204788643753985,5166,1009
382,826115272272650244,16550,3403
383,825876512159186944,11065,2027
384,825829644528148480,13467,2696
385,825535076884762624,55085,18640
386,825147591692263424,19368,4963
387,825120256414846976,0,1388
388,825026590719483904,6715,1388
389,824796380199809024,0,5958
390,824775126675836928,15843,3819
391,824663926340194305,10665,1886
392,824325613288833024,12472,11268
393,824297048279236611,15940,4201
394,824025158776213504,5049,641
395,823939628516474880,11261,2947
396,823719002937630720,0,12179
397,823699002998870016,13323,2625
398,823581115634085888,13810,2873
399,823333489516937216,738,27
400,823322678127919110,16675,4367
401,823269594223824897,0,10706
402,822975315408461824,18312,3738
403,822872901745569793,140275,47659
404,822859134160621569,14013,2488
405,822647212903690241,0,6968
406,822610361945911296,15668,3228
407,822489057087389700,19252,6968
408,822462944365645825,30181,15930
409,822244816520155136,37132,10706
410,822163064745328640,0,5226
411,821886076407029760,12045,2546
412,821813639212650496,0,3632
413,821765923262631936,8926,1812
414,821522889702862852,8505,1932
415,821421320206483457,0,6087
416,821407182352777218,12485,4726
417,821153421864615936,269,10
418,821149554670182400,9251,2193
419,821107785811234820,10173,2316
420,821044531881721856,13446,2494
421,820837357901512704,0,7304
422,820749716845686786,33487,10789
423,820690176645140481,12951,3509
424,820494788566847489,0,616
425,820446719150292993,0,2819
426,820314633777061888,3538,616
427,820078625395449857,21049,6849
428,820013781606658049,0,1288
429,819952236453363712,5642,1288
430,819924195358416896,13665,5269
431,819711362133872643,14283,3411
432,819588359383371776,10157,2145
433,819347104292290561,7665,1316
434,819238181065359361,2424,440
435,819227688460238848,24538,7304
436,819015337530290176,0,40037
437,819015331746349057,0,20628
438,819006400881917954,47998,20628
439,819004803107983360,92073,40037
440,818646164899774465,0,22753
441,818627210458333184,23580,8118
442,818614493328580609,10482,2817
443,818588835076603904,0,6692
444,818536468981415936,11593,2704
445,818307523543449600,0,8865
446,818259473185828864,11727,2495
447,818145370475810820,13061,2835
448,817908911860748288,5142,859
449,817827839487737858,55133,29634
450,817777686764523521,11379,2915
451,817536400337801217,12552,3311
452,817502432452313088,0,3701
453,817423860136083457,36386,16323
454,817415592588222464,5972,1049
455,817181837579653120,0,9278
456,817171292965273600,9287,2195
457,817120970343411712,12948,2862
458,817056546584727552,9120,1803
459,816829038950027264,0,5150
460,816816676327063552,10636,2219
461,816697700272001025,10429,2412
462,816450570814898180,32542,8865
463,816336735214911488,9145,2135
464,816091915477250048,9497,2359
465,816062466425819140,0,1137
466,816014286006976512,0,5809
467,815990720817401858,5323,1137
468,815966073409433600,23895,9278
469,815745968457060357,0,4513
470,815736392542261248,10474,2485
471,815639385530101762,8745,1796
472,815390420867969024,11038,4163
473,814986499976527872,8134,1412
474,814638523311648768,12003,2962
475,814578408554463233,0,6343
476,814530161257443328,9225,2031
477,814153002265309185,30665,9497
478,813944609378369540,0,3490
479,813910438903693312,9910,2059
480,813812741911748608,38749,15316
481,813800681631023104,8889,1919
482,813217897535406080,19917,7988
483,813202720496779264,9792,1966
484,813187593374461952,21149,4784
485,813172488309972993,9944,2091
486,813157409116065792,8275,2426
487,813142292504645637,8986,2579
488,813130366689148928,4766,486
489,813127251579564032,12638,3419
490,813112105746448384,11011,3017
491,813096984823349248,11233,3940
492,813081950185472002,10537,3029
493,813066809284972545,8488,2129
494,813051746834595840,22363,8033
495,812781120811126785,8084,2093
496,812709060537683968,7069,1565
497,812503143955202048,6484,1334
498,812466873996607488,8522,2108
499,812372279581671427,14616,4014
500,811985624773361665,7754,1540
501,811744202451197953,8056,1761
502,811647686436880384,5946,812
503,811627233043480576,13635,3418
504,811386762094317568,22319,6999
505,810984652412424192,5688,1569
506,810896069567610880,9651,1959
507,810657578271330305,11710,2903
508,810284430598270976,37830,12479
509,810254108431155201,15685,3672
510,809920764300447744,16546,4279
511,809808892968534016,0,5370
512,809448704142938112,7393,1606
513,809220051211603969,21273,6154
514,809084759137812480,14111,3839
515,808838249661788160,10789,3333
516,808733504066486276,8448,2377
517,808501579447930884,12044,2855
518,808344865868283904,45381,22753
519,808134635716833280,0,6526
520,808106460588765185,9327,2407
521,808001312164028416,13429,3872
522,807621403335917568,15558,4030
523,807106840509214720,126915,60924
524,807059379405148160,0,8032
525,807010152071229440,13942,4197
526,806629075125202948,80289,38200
527,806620845233815552,0,6049
528,806576416489959424,5180,2110
529,806542213899489280,10917,2593
530,806242860592926720,0,12792
531,806219024703037440,6867,1308
532,805958939288408065,0,5897
533,805932879469572096,8846,2094
534,805826884734976000,7035,2008
535,805823200554876929,0,8815
536,805520635690676224,6134,1802
537,805487436403003392,9369,2778
538,805207613751304193,8335,1868
539,804738756058218496,14676,4221
540,804475857670639616,6563,2206
541,804413760345620481,0,3535
542,804026241225523202,47715,17797
543,803773340896923648,10736,3041
544,803692223237865472,0,8163
545,803638050916102144,11744,4529
546,803380650405482500,8290,2034
547,803321560782307329,0,5831
548,803276597545603072,10726,2708
549,802952499103731712,9663,2202
550,802624713319034886,0,3209
551,802600418706604034,7608,1613
552,802572683846291456,9552,2742
553,802323869084381190,17362,6393
554,802265048156610565,7054,1497
555,802239329049477120,9702,2855
556,802185808107208704,0,291
557,801958328846974976,8253,1874
558,801854953262350336,1882,258
559,801538201127157760,8768,2253
560,801285448605831168,6483,916
561,801167903437357056,26216,6526
562,801127390143516673,0,4357
563,801115127852503040,8635,2290
564,800859414831898624,740,106
565,800855607700029440,0,1786
566,800751577355128832,11229,3040
567,800513324630806528,14059,3299
568,800459316964663297,10124,2367
569,800443802682937345,0,4736
570,800388270626521089,11926,3081
571,800188575492947969,0,4323
572,800141422401830912,16382,2819
573,800018252395122689,30382,14455
574,799774291445383169,0,5140
575,799757965289017345,9000,2374
576,799422933579902976,8609,2105
577,799308762079035393,0,6058
578,799297110730567681,10600,3039
579,799063482566066176,8655,2702
580,798933969379225600,14083,4914
581,798925684722855936,7966,1572
582,798705661114773508,0,7243
583,798701998996647937,0,8560
584,798697898615730177,0,7148
585,798694562394996736,0,5446
586,798686750113755136,0,2546
587,798682547630837760,0,5179
588,798673117451325440,0,6078
589,798665375516884993,0,4271
590,798644042770751489,0,2031
591,798628517273620480,0,2159
592,798585098161549313,0,6262
593,798576900688019456,0,6430
594,798340744599797760,0,3688
595,798209839306514432,11107,2808
596,797971864723324932,12467,3448
597,797545162159308800,15515,5331
598,797236660651966464,21378,7276
599,797165961484890113,246,29
600,796904159865868288,0,9742
601,796865951799083009,8214,2089
602,796759840936919040,12698,3358
603,796563435802726400,0,8009
604,796484825502875648,8107,1938
605,796387464403357696,11764,4578
606,796177847564038144,0,15721
607,796149749086875649,34642,15721
608,796125600683540480,5286,1957
609,796116448414461957,9733,2657
610,796080075804475393,9050,2545
611,796031486298386433,11566,4037
612,795464331001561088,53323,26169
613,795400264262053889,10822,3147
614,795076730285391872,17383,5958
615,794983741416415232,0,3692
616,794926597468000259,11018,2529
617,794355576146903043,0,11280
618,794332329137291264,10249,2908
619,794205286408003585,9846,3636
620,793962221541933056,18016,5370
621,793845145112371200,9856,2064
622,793614319594401792,0,3422
623,793601777308463104,8529,1793
624,793500921481273345,11447,2613
625,793286476301799424,26335,10111
626,793271401113350145,9250,2597
627,793256262322548741,21398,9160
628,793241302385262592,11248,3598
629,793226087023144960,10533,3138
630,793210959003287553,9559,3086
631,793195938047070209,16350,6177
632,793180763617361921,7419,2185
633,793165685325201412,10067,3050
634,793150605191548928,6609,1869
635,793135492858580992,6932,2740
636,793120401413079041,13589,4291
637,792913359805018113,15352,4408
638,792883833364439040,12105,4694
639,792773781206999040,7861,1843
640,792394556390137856,14397,4703
641,792050063153438720,7671,1976
642,791821351946420224,0,23066
643,791784077045166082,0,10561
644,791780927877898241,0,4179
645,791774931465953280,48344,24382
646,791672322847637504,12584,3422
647,791406955684368384,14041,4513
648,791312159183634433,9409,2788
649,791026214425268224,0,4514
650,790987426131050500,10580,2346
651,790946055508652032,17767,5150
652,790723298204217344,0,2540
653,790698755171364864,8765,2093
654,790581949425475584,22119,7882
655,790337589677002753,8367,2047
656,790277117346975746,13420,3490
657,790227638568808452,0,3919
658,789986466051088384,9896,2540
659,789960241177853952,0,4541
660,789903600034189313,11121,4523
661,789628658055020548,8035,1954
662,789599242079838210,7241,2123
663,789530877013393408,12582,3692
664,789314372632018944,9216,2524
665,789280767834746880,0,5419
666,789268448748703744,9757,2825
667,789137962068021249,10386,3062
668,788908386943430656,29333,13568
669,788765914992902144,29345,11280
670,788552643979468800,0,7893
671,788412144018661376,16672,5805
672,788178268662984705,7733,2318
673,788150585577050112,6578,1428
674,788070120937619456,0,3748
675,788039637453406209,6565,1450
676,787810552592695296,9277,3348
677,787717603741622272,10927,3048
678,787397959788929025,11603,3106
679,787322443945877504,8334,1911
680,787111942498508800,0,7356
681,786963064373534720,28424,8735
682,786729988674449408,0,2643
683,786709082849828864,19434,6666
684,786664955043049472,11388,2805
685,786595970293370880,10060,3391
686,786363235746385920,11660,3833
687,786286427768250368,8514,3129
688,786233965241827333,16341,5226
689,786051337297522688,1540,169
690,786036967502913536,0,7734
691,785927819176054784,12132,3465
692,785872687017132033,7139,1996
693,785639753186217984,8339,2426
694,785533386513321988,9724,2190
695,785515384317313025,6510,1373
696,785264754247995392,7757,1788
697,785170936622350336,12918,5315
698,784826020293709826,10825,3535
699,784517518371221505,9572,2773
700,784431430411685888,6073,1403
701,784183165795655680,21480,8815
702,784057939640352768,31904,12179
703,783839966405230592,32078,11806
704,783821107061198850,7851,2138
705,783695101801398276,11146,3522
706,783466772167098368,9015,2462
707,783391753726550016,17996,6012
708,783347506784731136,0,6119
709,783334639985389568,31179,12792
710,783085703974514689,8677,2423
711,782969140009107456,25736,8032
712,782747134529531904,7960,1522
713,782722598790725632,18434,5897
714,782598640137187329,8294,2042
715,782305867769217024,17782,6087
716,782021823840026624,0,6819
717,781955203444699136,11851,3669
718,781661882474196992,11137,2958
719,781655249211752448,4271,1223
720,781524693396357120,22119,6049
721,781308096455073793,7596,2778
722,781251288990355457,8986,2290
723,781163403222056960,10412,2983
724,780931614150983680,23077,8009
725,780858289093574656,7667,2182
726,780800785462489090,5865,1414
727,780601303617732608,12875,3632
728,780543529827336192,6719,1891
729,780496263422808064,0,4052
730,780476555013349377,0,127
731,780459368902959104,5632,1164
732,780192070812196864,9277,2435
733,780092040432480260,0,2508
734,780074436359819264,13052,5438
735,779834332596887552,20223,7734
736,779377524342161408,9395,3393
737,779124354206535695,0,20080
738,779123168116150273,12576,3969
739,779056095788752897,15755,4932
740,778990705243029504,21325,7922
741,778774459159379968,0,10878
742,778764940568104960,911,400
743,778748913645780993,7342,1447
744,778650543019483137,6144,1626
745,778624900596654080,4950,1099
746,778408200802557953,14539,4739
747,778396591732486144,0,13344
748,778383385161035776,6219,1205
749,778286810187399168,11072,3596
750,778039087836069888,9022,2867
751,778027034220126208,6978,1764
752,777953400541634568,0,3837
753,777885040357281792,6765,1786
754,777684233540206592,11953,3209
755,777641927919427584,0,4628
756,777621514455814149,9333,2711
757,777189768882946048,15242,4713
758,776819012571455488,0,14976
759,776813020089548800,5186,1318
760,776477788987613185,9413,3039
761,776249906839351296,0,9946
762,776218204058357768,31927,17381
763,776201521193218049,10207,2741
764,776113305656188928,12500,4736
765,776088319444877312,1946,165
766,775898661951791106,0,17877
767,775842724423557120,12460,2909
768,775733305207554048,14725,4357
769,775729183532220416,13737,4972
770,775364825476165632,7896,3230
771,775350846108426240,10791,4244
772,775085132600442880,16515,5140
773,774757898236878852,9083,1925
774,774639387460112384,7134,1880
775,774314403806253056,23139,6058
776,773985732834758656,11410,4213
777,773922284943896577,6795,1876
778,773704687002451968,7010,1769
779,773670353721753600,5650,1406
780,773547596996571136,23462,6692
781,773336787167145985,0,5533
782,773308824254029826,24690,8113
783,773247561583001600,10001,3488
784,773191612633579521,10605,4461
785,772877495989305348,9105,4206
786,772826264096874500,8481,2529
787,772615324260794368,0,3664
788,772581559778025472,6874,1835
789,772193107915964416,6385,1500
790,772152991789019136,4008,1213
791,772117678702071809,3984,797
792,772114945936949249,2882,512
793,772102971039580160,4246,1006
794,771908950375665664,6980,2052
795,771770456517009408,12730,3688
796,771500966810099713,8784,2847
797,771380798096281600,11158,5533
798,771171053431250945,0,8203
799,771136648247640064,9736,3185
800,771102124360998913,6617,1556
801,771014301343748096,7290,1799
802,771004394259247104,0,238
803,770787852854652928,5257,1320
804,770772759874076672,5503,1531
805,770655142660169732,7769,1886
806,770414278348247044,6669,2236
807,770293558247038976,6618,1613
808,770093767776997377,0,3295
809,770069151037685760,8050,2493
810,769940425801170949,33367,10465
811,769695466921623552,6777,1797
812,769335591808995329,0,8336
813,769212283578875904,5721,1854
814,768970937022709760,15272,7092
815,768909767477751808,0,2919
816,768855141948723200,4443,961
817,768609597686943744,4360,1311
818,768596291618299904,5318,1379
819,768554158521745409,0,6312
820,768473857036525572,14468,3713
821,768193404517830656,11565,3837
822,767884188863397888,5036,1519
823,767754930266464257,16979,5831
824,767500508068192258,7928,2524
825,767191397493538821,12997,4122
826,767122157629476866,10731,3082
827,766864461642756096,0,6119
828,766793450729734144,5375,1469
829,766714921925144576,2763,419
830,766693177336135680,4269,856
831,766423258543644672,6382,1729
832,766313316352462849,7182,2037
833,766078092750233600,0,2816
834,766069199026450432,4529,931
835,766008592277377025,3970,536
836,765719909049503744,7677,2327
837,765669560888528897,5504,1319
838,765395769549590528,28003,3675
839,765371061932261376,7512,2336
840,765222098633691136,12304,3664
841,764857477905154048,6810,1914
842,764259802650378240,6411,1636
843,763956972077010945,785,58
844,763837565564780549,13343,4514
845,763183847194451968,5721,1590
846,763167063695355904,0,3262
847,763103485927849985,7797,2464
848,762699858130116608,12873,3919
849,762471784394268675,11936,7000
850,762464539388485633,10923,4541
851,762316489655476224,5098,1218
852,762035686371364864,33862,16866
853,761976711479193600,5714,2184
854,761750502866649088,0,4253
855,761745352076779520,4505,929
856,761672994376806400,52455,31379
857,761599872357261312,4367,1268
858,761371037149827077,0,19410
859,761334018830917632,5501,1566
860,761292947749015552,4721,1185
861,761227390836215808,5616,1678
862,761004547850530816,11966,3748
863,760893934457552897,4038,1052
864,760656994973933572,6983,2080
865,760641137271070720,5243,1395
866,760539183865880579,8015,3922
867,760521673607086080,4470,1509
868,760290219849637889,28368,12407
869,760252756032651264,4165,933
870,760190180481531904,6026,1954
871,760153949710192640,0,34
872,759943073749200896,6279,2256
873,759923798737051648,15525,6119
874,759846353224826880,7101,2141
875,759793422261743616,6299,2049
876,759566828574212096,0,22799
877,759557299618865152,4971,1267
878,759447681597108224,8974,2643
879,759446261539934208,1767,523
880,759197388317847553,6401,2101
881,759159934323924993,0,1253
882,759099523532779520,15354,4505
883,759047813560868866,6876,2179
884,758854675097526272,3748,963
885,758828659922702336,11807,4138
886,758740312047005698,6054,1729
887,758474966123810816,4038,1070
888,758467244762497024,5080,2405
889,758405701903519748,5491,2082
890,758355060040593408,3627,1170
891,758099635764359168,20276,10878
892,758041019896193024,2858,403
893,757741869644341248,7269,3510
894,757729163776290825,0,8741
895,757725642876129280,4798,1311
896,757611664640446465,4813,1206
897,757597904299253760,0,314
898,757596066325864448,4596,1140
899,757400162377592832,15990,7376
900,757393109802180609,6154,1885
901,757354760399941633,4765,1535
902,756998049151549440,6622,2140
903,756939218950160384,7028,2168
904,756651752796094464,5346,1410
905,756526248105566208,10975,3897
906,756303284449767430,4165,1168
907,756288534030475264,45211,18833
908,756275833623502848,6788,1639
909,755955933503782912,7746,3119
910,755206590534418437,17376,5805
911,755110668769038337,22403,11949
912,754874841593970688,0,8622
913,754856583969079297,7255,2722
914,754747087846248448,2716,562
915,754482103782404096,5600,2100
916,754449512966619136,3948,790
917,754120377874386944,8270,2521
918,753655901052166144,6165,2343
919,753420520834629632,8365,3843
920,753398408988139520,6098,2072
921,753375668877008896,8041,2508
922,753298634498793472,0,6205
923,753294487569522689,3580,1122
924,753039830821511168,39160,22565
925,753026973505581056,4104,1050
926,752932432744185856,13326,7356
927,752917284578922496,7275,1698
928,752701944171524096,0,3114
929,752682090207055872,6303,1728
930,752660715232722944,4651,1700
931,752568224206688256,5822,2460
932,752519690950500352,7776,3710
933,752334515931054080,4026,1185
934,752309394570878976,0,17972
935,752173152931807232,6268,1986
936,751950017322246144,3240,1001
937,751937170840121344,5488,1446
938,751830394383790080,6111,2109
939,751793661361422336,6186,3132
940,751598357617971201,8326,3275
941,751583847268179968,4635,1196
942,751538714308972544,5305,1361
943,751456908746354688,3371,1075
944,751251247299190784,13165,6311
945,751205363882532864,6643,1967
946,751132876104687617,5351,1398
947,750868782890057730,5028,1491
948,750719632563142656,13909,5419
949,750506206503038976,4678,1236
950,750429297815552001,13880,4628
951,750383411068534784,4796,1224
952,750381685133418496,727,30
953,750147208377409536,3266,1036
954,750132105863102464,3824,1371
955,750117059602808832,4565,1398
956,750101899009982464,3195,906
957,750086836815486976,2286,586
958,750071704093859840,8279,3591
959,750056684286914561,3300,961
960,750041628174217216,3342,665
961,750026558547456000,2851,843
962,750011400160841729,3417,975
963,749996283729883136,3197,871
964,749981277374128128,5377,2632
965,749774190421639168,4893,1408
966,749417653287129088,6412,1784
967,749403093750648834,2764,585
968,749395845976588288,9057,3720
969,749317047558017024,5766,2374
970,749075273010798592,6059,2224
971,749064354620928000,5038,1624
972,749036806121881602,3261,839
973,748977405889503236,11267,3649
974,748932637671223296,6143,2423
975,748705597323898880,2907,1018
976,748699167502000129,4983,1715
977,748692773788876800,4458,1424
978,748575535303884801,6375,2131
979,748568946752774144,2294,720
980,748346686624440324,5498,1330
981,748337862848962560,8084,4415
982,748324050481647620,3885,820
983,748307329658011649,3849,764
984,748220828303695873,14851,8355
985,747963614829678593,6072,2298
986,747933425676525569,6959,2732
987,747885874273214464,3094,1056
988,747844099428986880,2948,805
989,747816857231626240,5082,1245
990,747651430853525504,1450,168
991,747648653817413632,13543,6264
992,747600769478692864,2433,588
993,747594051852075008,3879,1124
994,747512671126323200,5826,1697
995,747461612269887489,4054,1102
996,747439450712596480,5698,2063
997,747242308580548608,0,3083
998,747219827526344708,5539,1693
999,747204161125646336,3541,986
1000,747103485104099331,10051,4267
1001,746906459439529985,3027,317
1002,746872823977771008,6292,2300
1003,746818907684614144,5561,1848
1004,746790600704425984,5111,1700
1005,746757706116112384,10039,4179
1006,746726898085036033,6332,1915
1007,746542875601690625,5280,1995
1008,746521445350707200,0,1052
1009,746507379341139972,4861,1158
1010,746369468511756288,6465,1757
1011,746131877086527488,7247,2353
1012,746056683365994496,3719,870
1013,745789745784041472,4230,1141
1014,745712589599014916,7328,2479
1015,745433870967832576,7439,2708
1016,745422732645535745,8992,2597
1017,745314880350101504,7525,2964
1018,745074613265149952,8221,3775
1019,745057283344719872,7577,2429
1020,744995568523612160,3112,665
1021,744971049620602880,8258,2878
1022,744709971296780288,5854,1668
1023,744334592493166593,7081,2283
1024,744234799360020481,164158,83563
1025,744223424764059648,1773,397
1026,743980027717509120,4353,1160
1027,743895849529389061,3813,1021
1028,743835915802583040,0,2228
1029,743609206067040256,4686,1473
1030,743595368194129920,19328,7024
1031,743545585370791937,3691,998
1032,743510151680958465,8289,3948
1033,743253157753532416,4431,1303
1034,743222593470234624,6485,2031
1035,743210557239623680,4020,1459
1036,742534281772302336,7377,3790
1037,742528092657332225,4639,2129
1038,742465774154047488,7601,4151
1039,742423170473463808,10297,4052
1040,742385895052087300,7121,2121
1041,742161199639494656,4544,1468
1042,742150209887731712,5373,1663
1043,741793263812808706,4768,1608
1044,741743634094141440,8552,2949
1045,741438259667034112,3843,890
1046,741303864243200000,9181,3455
1047,741099773336379392,10501,5919
1048,741067306818797568,9885,3295
1049,740995100998766593,6696,2956
1050,740711788199743490,3565,994
1051,740699697422163968,2966,835
1052,740676976021798912,19001,7243
1053,740373189193256964,36419,14179
1054,740365076218183684,2587,465
1055,740359016048689152,3451,912
1056,740214038584557568,7001,2096
1057,739979191639244800,20882,6312
1058,739932936087216128,4242,1148
1059,739844404073074688,3967,911
1060,739623569819336705,3978,1449
1061,739606147276148736,5624,1766
1062,739544079319588864,41510,22799
1063,739485634323156992,7516,3132
1064,739238157791694849,121262,61895
1065,738891149612572673,112,6
1066,738885046782832640,3936,1217
1067,738883359779196928,3487,863
1068,738537504001953792,5330,1662
1069,738402415918125056,3405,896
1070,738184450748633089,4500,1286
1071,738166403467907072,9204,3628
1072,738156290900254721,2647,698
1073,737826014890496000,5507,1874
1074,737800304142471168,10442,3686
1075,737678689543020544,5267,1419
1076,737445876994609152,10754,4754
1077,737322739594330112,3771,861
1078,737310737551491075,15347,7903
1079,736736130620620800,4505,1844
1080,736392552031657984,18567,7893
1081,736365877722001409,4163,1332
1082,736225175608430592,8491,2943
1083,736010884653420544,8243,3163
1084,735991953473572864,3756,1223
1085,735648611367784448,4185,1170
1086,735635087207878657,6454,2498
1087,735274964362878976,13590,5404
1088,735256018284875776,3490,943
1089,735137028879360001,3264,1030
1090,734912297295085568,2852,548
1091,734787690684657664,13123,6698
1092,734776360183431168,2617,581
1093,734559631394082816,1564,420
1094,733828123016450049,3747,827
1095,733822306246479872,3823,1072
1096,733482008106668032,3281,1010
1097,733460102733135873,4391,1359
1098,733109485275860992,51413,17877
1099,732732193018155009,2545,568
1100,732726085725589504,3684,940
1101,732585889486888962,3846,821
1102,732375214819057664,8440,2686
1103,732005617171337216,15588,5809
1104,731285275100512256,3635,1047
1105,731156023742988288,4004,1351
1106,730924654643314689,6394,2103
1107,730573383004487680,5132,2290
1108,730427201120833536,3612,1107
1109,730211855403241472,3996,1121
1110,730196704625098752,5102,2043
1111,729854734790754305,4205,1199
1112,729838605770891264,1780,409
1113,729823566028484608,4156,1317
1114,729463711119904772,6051,2457
1115,729113531270991872,1964,349
1116,728986383096946689,3294,870
1117,728760639972315136,4872,1811
1118,728751179681943552,2890,720
1119,728653952833728512,3447,1104
1120,728409960103686147,5117,2129
1121,728387165835677696,3822,1018
1122,728046963732717569,4490,1250
1123,728035342121635841,4745,1772
1124,728015554473250816,4269,1162
1125,727685679342333952,3057,675
1126,727644517743104000,6147,1852
1127,727524757080539137,4657,1293
1128,727314416056803329,3470,797
1129,727286334147182592,3171,869
1130,727175381690781696,4034,1461
1131,727155742655025152,3797,1404
1132,726935089318363137,7170,2601
1133,726887082820554753,3998,1597
1134,726828223124897792,3700,1067
1135,726224900189511680,4599,1218
1136,725842289046749185,7359,2816
1137,725786712245440512,4338,1443
1138,725729321944506368,5407,1888
1139,725458796924002305,1466,660
1140,724983749226668032,3865,1381
1141,724771698126512129,2468,680
1142,724405726123311104,5524,1748
1143,724049859469295616,4502,1872
1144,724046343203856385,2774,592
1145,724004602748780546,4356,1671
1146,723912936180330496,4057,1297
1147,723688335806480385,8024,3164
1148,723673163800948736,3148,944
1149,723179728551723008,5513,1989
1150,722974582966214656,4280,1666
1151,722613351520608256,5167,1736
1152,721503162398597120,4850,1983
1153,721001180231503872,2627,654
1154,720785406564900865,3243,815
1155,720775346191278080,2580,718
1156,720415127506415616,4301,1588
1157,720389942216527872,6672,2667
1158,720340705894408192,2984,1036
1159,720059472081784833,4042,1193
1160,720043174954147842,5103,2128
1161,719991154352222208,5035,1851
1162,719704490224398336,4747,1537
1163,719551379208073216,5261,2040
1164,719367763014393856,2905,785
1165,719339463458033665,4594,1325
1166,719332531645071360,3554,1013
1167,718971898235854848,3638,1160
1168,718939241951195136,5463,1870
1169,718631497683582976,19680,8560
1170,718613305783398402,2534,511
1171,718540630683709445,2585,1074
1172,718460005985447936,2803,560
1173,718454725339934721,5064,1600
1174,718246886998687744,2008,530
1175,718234618122661888,4040,1065
1176,717841801130979328,2549,629
1177,717790033953034240,3005,1196
1178,717537687239008257,5988,1948
1179,717428917016076293,1671,481
1180,717421804990701568,3278,891
1181,717047459982213120,6529,2025
1182,717009362452090881,3404,1032
1183,716802964044845056,4457,1249
1184,716791146589110272,6232,1523
1185,716730379797970944,1281,454
1186,716447146686459905,13647,6254
1187,716439118184652801,2465,225
1188,716285507865542656,2891,1150
1189,716080869887381504,7006,2035
1190,715928423106027520,3318,924
1191,715758151270801409,3884,1511
1192,715733265223708672,4864,1789
1193,715704790270025728,2904,600
1194,715696743237730304,4059,1362
1195,715680795826982913,4507,1716
1196,715360349751484417,5689,1669
1197,715342466308784130,3153,723
1198,715220193576927233,2511,693
1199,715200624753819648,5334,1999
1200,715009755312439296,4333,1316
1201,714982300363173890,3912,1097
1202,714962719905021952,7679,4532
1203,714957620017307648,4309,1506
1204,714631576617938945,3400,1065
1205,714606013974974464,3778,982
1206,714485234495041536,2825,1228
1207,714258258790387713,3139,759
1208,714251586676113411,3397,891
1209,714214115368108032,2361,931
1210,714141408463036416,4482,1492
1211,713919462244790272,3415,824
1212,713909862279876608,1993,576
1213,713900603437621249,2953,783
1214,713761197720473600,5079,1459
1215,713411074226274305,4593,1371
1216,713177543487135744,7503,3003
1217,713175907180089344,4643,1544
1218,712809025985978368,19385,7148
1219,712717840512598017,12873,5303
1220,712668654853337088,4328,1287
1221,712438159032893441,5551,1660
1222,712309440758808576,255,25
1223,712097430750289920,3955,1099
1224,712092745624633345,3063,950
1225,712085617388212225,3380,511
1226,712065007010385924,2355,663
1227,711998809858043904,0,133
1228,711968124745228288,8399,2451
1229,711743778164514816,2956,1043
1230,711732680602345472,9267,4371
1231,711694788429553666,34240,19410
1232,711652651650457602,4036,976
1233,711363825979756544,3810,1202
1234,711306686208872448,3449,777
1235,711008018775851008,3122,656
1236,710997087345876993,4747,1475
1237,710844581445812225,2656,736
1238,710833117892898816,2804,573
1239,710658690886586372,2403,599
1240,710609963652087808,4995,2495
1241,710588934686908417,4739,1991
1242,710296729921429505,2472,783
1243,710283270106132480,2227,547
1244,710272297844797440,4726,1336
1245,710269109699739648,2495,1197
1246,710153181850935296,3035,949
1247,710140971284037632,2886,946
1248,710117014656950272,5737,2115
1249,709918798883774466,3109,1135
1250,709901256215666688,703,105
1251,709852847387627521,3659,1268
1252,709566166965075968,3689,1278
1253,709556954897764353,3430,1128
1254,709519240576036864,1549,254
1255,709449600415961088,2322,613
1256,709409458133323776,2726,735
1257,709225125749587968,2506,608
1258,709207347839836162,13148,6200
1259,709198395643068416,2513,678
1260,709179584944730112,2101,713
1261,709158332880297985,2128,448
1262,709042156699303936,4956,1745
1263,708853462201716736,1865,696
1264,708845821941387268,3105,950
1265,708834316713893888,1764,537
1266,708810915978854401,17223,7381
1267,708738143638450176,2861,869
1268,708711088997666817,2660,770
1269,708479650088034305,2657,714
1270,708469915515297792,3216,870
1271,708400866336894977,16724,10750
1272,708356463048204288,3770,1418
1273,708349470027751425,2452,783
1274,708149363256774660,4463,1637
1275,708130923141795840,3535,890
1276,708119489313951744,2801,1041
1277,708109389455101952,2014,577
1278,708026248782585858,4559,2033
1279,707995814724026368,3270,1191
1280,707983188426153984,51,2
1281,707969809498152960,2814,1030
1282,707776935007539200,3425,1006
1283,707741517457260545,2606,651
1284,707738799544082433,4281,2630
1285,707693576495472641,3593,1066
1286,707629649552134146,2693,937
1287,707610948723478529,17712,6819
1288,707420581654872064,2374,735
1289,707411934438625280,2384,634
1290,707387676719185920,3659,1384
1291,707377100785885184,3427,1146
1292,707315916783140866,2583,682
1293,707297311098011648,2887,845
1294,707059547140169728,2693,720
1295,707038192327901184,2289,844
1296,707021089608753152,4249,1454
1297,707014260413456384,2405,633
1298,706904523814649856,15252,8336
1299,706901761596989440,2155,639
1300,706681918348251136,3472,1027
1301,706644897839910912,2695,1164
1302,706593038911545345,2250,667
1303,706538006853918722,3615,1499
1304,706516534877929472,3235,1101
1305,706346369204748288,3606,981
1306,706310011488698368,22370,8491
1307,706291001778950144,1774,497
1308,706265994973601792,2858,979
1309,706169069255446529,4081,2369
1310,706166467411222528,5381,1713
1311,706153300320784384,1551,408
1312,705975130514706432,3241,783
1313,705970349788291072,3280,946
1314,705898680587526145,2483,595
1315,705786532653883392,2038,557
1316,705591895322394625,3312,1223
1317,705475953783398401,3088,981
1318,705442520700944385,4650,1745
1319,705428427625635840,3992,1799
1320,705239209544720384,3134,796
1321,705223444686888960,2695,859
1322,705102439679201280,2245,543
1323,705066031337840642,2269,640
1324,704871453724954624,4456,1180
1325,704859558691414016,2355,581
1326,704847917308362754,5335,1631
1327,704819833553219584,2753,1061
1328,704761120771465216,6926,3083
1329,704499785726889984,3069,1063
1330,704491224099647488,798,87
1331,704480331685040129,3546,1123
1332,704364645503647744,8395,3780
1333,704347321748819968,1663,371
1334,704134088924532736,1577,497
1335,704113298707505153,1935,595
1336,704054845121142784,3048,967
1337,703774238772166656,1918,497
1338,703769065844768768,3436,1207
1339,703631701117943808,2709,731
1340,703611486317502464,4034,1611
1341,703425003149250560,3967,1458
1342,703407252292673536,2561,737
1343,703382836347330562,3662,1207
1344,703356393781329922,2001,409
1345,703268521220972544,2055,581
1346,703079050210877440,7737,3301
1347,703041949650034688,27590,13344
1348,702932127499816960,2706,766
1349,702899151802126337,1684,481
1350,702684942141153280,3368,1150
1351,702671118226825216,2297,599
1352,702598099714314240,12754,3646
1353,702539513671897089,3000,1016
1354,702332542343577600,3341,1657
1355,702321140488925184,3432,1097
1356,702276748847800320,2578,813
1357,702217446468493312,5022,1423
1358,701981390485725185,3605,1055
1359,701952816642965504,3991,1087
1360,701889187134500865,3717,1465
1361,701805642395348998,3589,1806
1362,701601587219795968,2183,486
1363,701570477911896070,2951,992
1364,701545186879471618,2781,653
1365,701214700881756160,12781,5446
1366,700890391244103680,2319,613
1367,700864154249383937,2707,652
1368,700847567345688576,2536,530
1369,700796979434098688,2543,1019
1370,700747788515020802,23892,9946
1371,700518061187723268,2762,852
1372,700505138482569216,2382,606
1373,700462010979500032,4330,1915
1374,700167517596164096,2766,793
1375,700151421916807169,2342,705
1376,700143752053182464,7881,2919
1377,700062718104104960,2770,741
1378,700029284593901568,2163,622
1379,700002074055016451,3466,1431
1380,699801817392291840,3203,1017
1381,699788877217865730,2347,529
1382,699779630832685056,2895,1322
1383,699775878809702401,2052,644
1384,699691744225525762,10730,4890
1385,699446877801091073,6215,2782
1386,699434518667751424,2268,538
1387,699423671849451520,1438,350
1388,699413908797464576,2168,655
1389,699370870310113280,1968,465
1390,699323444782047232,3305,918
1391,699088579889332224,2342,668
1392,699079609774645248,2571,698
1393,699072405256409088,3148,1263
1394,699060279947165696,3957,1922
1395,699036661657767936,2719,1270
1396,698989035503689728,3531,1045
1397,698953797952008193,2832,960
1398,698907974262222848,2654,661
1399,698710712454139905,2593,726
1400,698703483621523456,1521,404
1401,698635131305795584,1344,362
1402,698549713696649216,2430,657
1403,698355670425473025,1958,482
1404,698342080612007937,2364,1007
1405,698262614669991936,4968,2137
1406,698195409219559425,17542,6343
1407,698178924120031232,2928,789
1408,697995514407682048,1602,354
1409,697990423684476929,3440,1378
1410,697943111201378304,2507,731
1411,697881462549430272,3154,1269
1412,697630435728322560,1829,574
1413,697616773278015490,3307,1078
1414,697596423848730625,3168,1342
1415,697575480820686848,2136,532
1416,697516214579523584,2174,1202
1417,697482927769255936,2528,715
1418,697463031882764288,3562,1465
1419,697270446429966336,4890,1983
1420,697259378236399616,3438,1055
1421,697255105972801536,3158,1231
1422,697242256848379904,2631,706
1423,696900204696625153,3333,1090
1424,696894894812565505,2445,717
1425,696886256886657024,5070,1911
1426,696877980375769088,2551,755
1427,696754882863349760,1544,379
1428,696744641916489729,2162,997
1429,696713835009417216,2484,686
1430,696518437233913856,4077,1809
1431,696490539101908992,1275,154
1432,696488710901260288,2657,1098
1433,696405997980676096,3365,1213
1434,696100768806522880,2024,707
1435,695816827381944320,3144,1239
1436,695794761660297217,3335,832
1437,695767669421768709,1959,794
1438,695629776980148225,4778,2232
1439,695446424020918272,4564,1929
1440,695409464418041856,9046,3803
1441,695314793360662529,3798,1562
1442,695095422348574720,2764,655
1443,695074328191332352,2976,1180
1444,695064344191721472,1684,640
1445,695051054296211456,2789,838
1446,694925794720792577,2820,973
1447,694905863685980160,2883,991
1448,694669722378485760,37425,15400
1449,694356675654983680,1575,307
1450,694352839993344000,2135,661
1451,694342028726001664,1651,518
1452,694329668942569472,2102,533
1453,694206574471057408,4385,2162
1454,694183373896572928,3086,990
1455,694001791655137281,3557,1097
1456,693993230313091072,1956,430
1457,693942351086120961,1815,393
1458,693647888581312512,2826,629
1459,693644216740769793,1412,135
1460,693642232151285760,2659,444
1461,693629975228977152,2564,850
1462,693622659251335168,1618,393
1463,693590843962331137,5304,2102
1464,693582294167244802,1719,271
1465,693486665285931008,1867,672
1466,693280720173801472,3523,1319
1467,693267061318012928,2501,868
1468,693262851218264065,2337,534
1469,693231807727280129,3001,779
1470,693155686491000832,8244,3405
1471,693109034023534592,1799,653
1472,693095443459342336,1964,491
1473,692919143163629568,2796,796
1474,692905862751522816,2549,933
1475,692901601640583168,1865,645
1476,692894228850999298,2386,862
1477,692828166163931137,3019,937
1478,692752401762250755,7156,3868
1479,692568918515392513,4556,1637
1480,692535307825213440,3351,1446
1481,692530551048294401,1934,443
1482,692423280028966913,1548,244
1483,692417313023332352,9764,3701
1484,692187005137076224,2643,872
1485,692158366030913536,2251,846
1486,692142790915014657,1720,418
1487,692041934689402880,3561,1357
1488,692017291282812928,3001,1014
1489,691820333922455552,4136,1767
1490,691793053716221953,8482,4474
1491,691756958957883396,3029,1088
1492,691675652215414786,2036,539
1493,691483041324204033,2481,601
1494,691459709405118465,4252,1227
1495,691444869282295808,2781,897
1496,691416866452082688,20222,8163
1497,691321916024623104,2691,702
1498,691096613310316544,3100,942
1499,691090071332753408,1792,358
1500,690989312272396288,6179,3050
1501,690959652130045952,3767,1339
1502,690938899477221376,4326,2120
1503,690932576555528194,3441,1086
1504,690735892932222976,3952,1361
1505,690728923253055490,2273,550
1506,690690673629138944,2436,850
1507,690649993829576704,1368,296
1508,690607260360429569,305,17
1509,690597161306841088,2056,642
1510,690400367696297985,1961,483
1511,690374419777196032,3416,915
1512,690360449368465409,2766,949
1513,690348396616552449,1573,548
1514,690248561355657216,1757,438
1515,690021994562220032,2922,1102
1516,690015576308211712,2632,789
1517,690005060500217858,3843,1796
1518,689999384604450816,1494,396
1519,689993469801164801,1534,483
1520,689977555533848577,1434,475
1521,689905486972461056,2545,738
1522,689877686181715968,3173,1258
1523,689835978131935233,2258,800
1524,689661964914655233,3354,992
1525,689659372465688576,10854,4131
1526,689623661272240129,2333,682
1527,689599056876867584,12166,5901
1528,689557536375177216,2144,491
1529,689517482558820352,3564,1523
1530,689289219123089408,2366,997
1531,689283819090870273,3441,1178
1532,689280876073582592,2089,764
1533,689275259254616065,1211,261
1534,689255633275777024,2682,1153
1535,689154315265683456,3212,1070
1536,689143371370250240,2120,546
1537,688916208532455424,2864,927
1538,688908934925697024,2216,823
1539,688898160958271489,2203,841
1540,688894073864884227,2340,739
1541,688828561667567616,1449,397
1542,688804835492233216,1007,206
1543,688789766343622656,2327,706
1544,688547210804498433,2738,749
1545,688519176466644993,2427,785
1546,688385280030670848,9728,4749
1547,688211956440801280,2332,887
1548,688179443353796608,2214,622
1549,688116655151435777,2957,830
1550,688064179421470721,1812,382
1551,687841446767013888,5734,2694
1552,687826841265172480,2855,1198
1553,687818504314159109,2621,1010
1554,687807801670897665,2507,748
1555,687732144991551489,1849,700
1556,687704180304273409,2553,889
1557,687664829264453632,2029,543
1558,687494652870668288,1998,612
1559,687480748861947905,1674,258
1560,687476254459715584,2071,569
1561,687460506001633280,2151,578
1562,687399393394311168,1982,665
1563,687317306314240000,21039,9742
1564,687312378585812992,4568,2025
1565,687127927494963200,5724,2440
1566,687124485711986689,2270,536
1567,687109925361856513,6089,2628
1568,687102708889812993,2448,1054
1569,687096057537363968,2353,646
1570,686947101016735744,9029,3390
1571,686760001961103360,3685,1470
1572,686749460672679938,3639,1553
1573,686730991906516992,4348,1279
1574,686683045143953408,2944,856
1575,686618349602762752,3869,1452
1576,686606069955735556,1986,580
1577,686394059078897668,1830,725
1578,686386521809772549,3414,937
1579,686377065986265092,2330,599
1580,686358356425093120,2307,724
1581,686286779679375361,4195,1778
1582,686050296934563840,2308,779
1583,686035780142297088,1213,129
1584,686034024800862208,3270,1241
1585,686007916130873345,2600,449
1586,686003207160610816,1912,677
1587,685973236358713344,2214,560
1588,685943807276412928,1708,643
1589,685906723014619143,7884,3108
1590,685681090388975616,2127,134
1591,685667379192414208,2453,609
1592,685663452032069632,3415,1565
1593,685641971164143616,3075,831
1594,685547936038666240,34578,16740
1595,685532292383666176,3192,1229
1596,685325112850124800,9940,4253
1597,685321586178670592,2771,685
1598,685315239903100929,3512,1153
1599,685307451701334016,2169,468
1600,685268753634967552,3241,1287
1601,685198997565345792,2444,710
1602,685169283572338688,4298,1516
1603,684969860808454144,2479,403
1604,684959798585110529,7144,3340
1605,684940049151070208,3376,1115
1606,684926975086034944,3672,497
1607,684914660081053696,3676,1563
1608,684902183876321280,1970,568
1609,684880619965411328,2206,874
1610,684830982659280897,36710,23066
1611,684800227459624960,2841,1062
1612,684594889858887680,9366,3780
1613,684588130326986752,4322,1497
1614,684567543613382656,3151,1312
1615,684538444857667585,2775,1018
1616,684481074559381504,4057,1246
1617,684460069371654144,2076,591
1618,684241637099323392,8548,3532
1619,684225744407494656,1293,227
1620,684222868335505415,4021,1468
1621,684200372118904832,2269,1099
1622,684195085588783105,2008,552
1623,684188786104872960,3643,1251
1624,684177701129875456,2113,719
1625,684147889187209216,3122,1594
1626,684122891630342144,2086,505
1627,684097758874210310,4307,1536
1628,683857920510050305,3985,1191
1629,683852578183077888,2017,374
1630,683849932751646720,2748,1046
1631,683834909291606017,2743,1187
1632,683828599284170753,2931,1130
1633,683773439333797890,3503,1449
1634,683742671509258241,6819,3547
1635,683515932363329536,7711,3114
1636,683498322573824003,3327,1028
1637,683481228088049664,2762,1062
1638,683462770029932544,2543,713
1639,683449695444799489,4084,1722
1640,683391852557561860,7982,2546
1641,683357973142474752,3076,1000
1642,683142553609318400,3019,1111
1643,683111407806746624,3550,972
1644,683098815881154561,2269,704
1645,683078886620553216,2073,600
1646,683030066213818368,2257,778
1647,682962037429899265,38719,17832
1648,682808988178739200,1857,193
1649,682788441537560576,2589,1193
1650,682750546109968385,1593,465
1651,682697186228989953,1370,383
1652,682662431982772225,3192,1157
1653,682638830361513985,2149,645
1654,682429480204398592,3595,1244
1655,682406705142087680,7945,1881
1656,682393905736888321,2348,729
1657,682389078323662849,1740,500
1658,682303737705140231,3221,1070
1659,682259524040966145,4368,1294
1660,682242692827447297,3404,1261
1661,682088079302213632,19167,10561
1662,682059653698686977,5192,1800
1663,682047327939461121,3357,1028
1664,682032003584274432,6886,2149
1665,682003177596559360,3297,1639
1666,681981167097122816,2918,1102
1667,681891461017812993,2579,881
1668,681694085539872773,13375,4323
1669,681679526984871937,1844,480
1670,681654059175129088,2759,989
1671,681610798867845120,1997,507
1672,681579835668455424,3711,1388
1673,681523177663676416,14985,6205
1674,681340665377193984,1718,298
1675,681339448655802368,9725,4345
1676,681320187870711809,2781,807
1677,681302363064414209,4131,1954
1678,681297372102656000,3350,1022
1679,681281657291280384,3369,1177
1680,681261549936340994,1521,292
1681,681242418453299201,1567,574
1682,681231109724700672,2508,517
1683,681193455364796417,3886,1591
1684,680970795137544192,2540,712
1685,680959110691590145,4762,2134
1686,680940246314430465,3367,1127
1687,680934982542561280,2175,468
1688,680913438424612864,2502,661
1689,680889648562991104,1848,391
1690,680836378243002368,3618,1421
1691,680805554198020098,2263,706
1692,680801747103793152,2481,882
1693,680798457301471234,2994,1114
1694,680609293079592961,2759,762
1695,680583894916304897,3791,1437
1696,680497766108381184,4429,2040
1697,680494726643068929,1793,513
1698,680473011644985345,2664,796
1699,680440374763077632,1518,538
1700,680221482581123072,1516,306
1701,680206703334408192,2968,1257
1702,680191257256136705,2239,539
1703,680176173301628928,4078,1675
1704,680161097740095489,2424,783
1705,680145970311643136,3786,1863
1706,680130881361686529,2389,1017
1707,680115823365742593,2831,969
1708,680100725817409536,3733,1456
1709,680085611152338944,13379,9526
1710,680070545539371008,2694,935
1711,679877062409191424,2056,686
1712,679872969355714560,2281,711
1713,679862121895714818,2570,664
1714,679854723806179328,2995,1312
1715,679844490799091713,2480,814
1716,679828447187857408,37890,14976
1717,679777920601223168,3219,1190
1718,679736210798047232,2180,844
1719,679729593985699840,2264,874
1720,679722016581222400,1732,498
1721,679530280114372609,4974,2206
1722,679527802031484928,2764,770
1723,679511351870550016,3514,1353
1724,679503373272485890,3285,1573
1725,679475951516934144,2182,683
1726,679462823135686656,33122,20080
1727,679405845277462528,2482,1282
1728,679158373988876288,22402,8622
1729,679148763231985668,2885,1099
1730,679132435750195208,3090,1233
1731,679111216690831360,6206,2724
1732,679062614270468097,17794,8741
1733,679047485189439488,2346,724
1734,679001094530465792,2948,1314
1735,678991772295516161,2426,1253
1736,678969228704284672,1714,491
1737,678800283649069056,2684,960
1738,678798276842360832,3629,1262
1739,678774928607469569,2917,978
1740,678767140346941444,3679,1455
1741,678764513869611008,1707,505
1742,678755239630127104,7441,3518
1743,678740035362037760,3915,1805
1744,678708137298427904,5795,2576
1745,678675843183484930,2994,1575
1746,678643457146150913,2139,450
1747,678446151570427904,4162,1664
1748,678424312106393600,5631,2695
1749,678410210315247616,4409,1937
1750,678399652199309312,82317,33751
1751,678396796259975168,1655,445
1752,678389028614488064,1943,445
1753,678380236862578688,2539,965
1754,678341075375947776,1793,569
1755,678334497360859136,1352,276
1756,678278586130948096,11913,6448
1757,678255464182861824,1645,396
1758,678023323247357953,2003,408
1759,678021115718029313,14310,6762
1760,677961670166224897,3550,1788
1761,677918531514703872,1401,435
1762,677895101218201600,5020,2230
1763,677716515794329600,3171,1024
1764,677700003327029250,3521,1529
1765,677698403548192770,1274,336
1766,677687604918272002,2572,893
1767,677673981332312066,3469,1585
1768,677662372920729601,2024,1030
1769,677644091929329666,1939,844
1770,677573743309385728,2225,765
1771,677565715327688705,1341,483
1772,677557565589463040,2535,1232
1773,677547928504967168,7183,3855
1774,677530072887205888,1114,240
1775,677335745548390400,3149,1890
1776,677334615166730240,1405,311
1777,677331501395156992,1132,248
1778,677328882937298944,3766,1582
1779,677314812125323265,1702,567
1780,677301033169788928,1287,433
1781,677269281705472000,2071,742
1782,677228873407442944,3676,1731
1783,677187300187611136,2832,976
1784,676975532580409345,2880,1131
1785,676957860086095872,2289,851
1786,676949632774234114,1348,421
1787,676948236477857792,2251,919
1788,676946864479084545,1767,399
1789,676942428000112642,2145,802
1790,676936541936185344,13153,5179
1791,676916996760600576,3067,1901
1792,676897532954456065,2335,762
1793,676864501615042560,2177,749
1794,676821958043033607,23855,16474
1795,676819651066732545,1868,702
1796,676811746707918848,1461,446
1797,676776431406465024,5165,2111
1798,676617503762681856,2996,1036
1799,676613908052996102,1125,206
1800,676606785097199616,1946,462
1801,676603393314578432,1206,408
1802,676593408224403456,4731,2276
1803,676590572941893632,948,134
1804,676588346097852417,2410,842
1805,676582956622721024,1249,293
1806,676575501977128964,2683,1182
1807,676533798876651520,1947,587
1808,676496375194980353,1574,563
1809,676470639084101634,11997,4919
1810,676440007570247681,1777,697
1811,676430933382295552,1445,362
1812,676263575653122048,2142,578
1813,676237365392908289,1262,309
1814,676219687039057920,77287,32612
1815,676215927814406144,1793,614
1816,676191832485810177,2354,1080
1817,676146341966438401,1985,701
1818,676121918416756736,2220,1219
1819,676101918813499392,2902,1220
1820,676098748976615425,3102,1511
1821,676089483918516224,1354,451
1822,675898130735476737,1681,599
1823,675891555769696257,2195,912
1824,675888385639251968,2449,1006
1825,675878199931371520,4303,1466
1826,675870721063669760,1690,600
1827,675853064436391936,2774,1361
1828,675849018447167488,974,156
1829,675845657354215424,2360,931
1830,675822767435051008,1571,560
1831,675820929667219457,1082,241
1832,675798442703122432,10549,3550
1833,675781562965868544,1663,495
1834,675740360753160193,1199,364
1835,675710890956750848,1944,865
1836,675707330206547968,2042,729
1837,675706639471788032,664,103
1838,675534494439489536,1869,436
1839,675531475945709568,1218,404
1840,675522403582218240,1072,299
1841,675517828909424640,1340,478
1842,675501075957489664,17611,6078
1843,675497103322386432,3233,1358
1844,675489971617296384,1341,624
1845,675483430902214656,1900,1017
1846,675432746517426176,1568,595
1847,675372240448454658,1744,531
1848,675362609739206656,1080,239
1849,675354435921575936,33708,17972
1850,675349384339542016,4023,2362
1851,675334060156301312,2861,1353
1852,675166823650848770,3709,1683
1853,675153376133427200,6452,2733
1854,675149409102012420,3841,1761
1855,675147105808306176,965,252
1856,675146535592706048,1226,328
1857,675145476954566656,2188,944
1858,675135153782571009,1332,514
1859,675113801096802304,1999,816
1860,675111688094527488,987,264
1861,675109292475830276,2874,1183
1862,675047298674663426,1089,342
1863,675015141583413248,2784,1253
1864,675006312288268288,1009,236
1865,675003128568291329,1594,491
1866,674999807681908736,2300,1145
1867,674805413498527744,877,369
1868,674800520222154752,3078,893
1869,674793399141146624,2563,1134
1870,674790488185167872,1129,261
1871,674788554665512960,831,218
1872,674781762103414784,2050,1253
1873,674774481756377088,1151,494
1874,674767892831932416,1867,822
1875,674764817387900928,800,247
1876,674754018082705410,1393,466
1877,674752233200820224,1493,485
1878,674743008475090944,1439,577
1879,674742531037511680,501,53
1880,674739953134403584,1136,411
1881,674737130913071104,662,96
1882,674690135443775488,1176,485
1883,674670581682434048,1649,680
1884,674664755118911488,943,264
1885,674646392044941312,1470,519
1886,674644256330530816,1053,281
1887,674638615994089473,1717,604
1888,674632714662858753,1538,602
1889,674606911342424069,958,102
1890,674468880899788800,6370,2142
1891,674447403907457024,1087,369
1892,674436901579923456,1139,410
1893,674422304705744896,1467,556
1894,674416750885273600,698,146
1895,674410619106390016,1225,482
1896,674394782723014656,1533,595
1897,674372068062928900,863,322
1898,674330906434379776,575,76
1899,674318007229923329,1443,534
1900,674307341513269249,11570,7220
1901,674291837063053312,15047,6119
1902,674271431610523648,1601,756
1903,674269164442398721,922,233
1904,674265582246694913,1672,879
1905,674262580978937856,1331,470
1906,674255168825880576,1501,580
1907,674082852460433408,770,176
1908,674075285688614912,997,299
1909,674063288070742018,6494,2296
1910,674053186244734976,3393,1349
1911,674051556661161984,1474,500
1912,674045139690631169,1448,659
1913,674042553264685056,737,133
1914,674038233588723717,1126,425
1915,674036086168010753,862,221
1916,674024893172875264,1821,1272
1917,674019345211760640,1155,309
1918,674014384960745472,1591,672
1919,674008982932058114,1225,367
1920,673956914389192708,1985,1000
1921,673919437611909120,1188,379
1922,673906403526995968,3250,1674
1923,673887867907739649,949,259
1924,673716320723169284,3133,786
1925,673715861853720576,3601,2160
1926,673711475735838725,1054,304
1927,673709992831262724,860,284
1928,673708611235921920,1094,299
1929,673707060090052608,1112,404
1930,673705679337693185,1273,411
1931,673700254269775872,1465,591
1932,673697980713705472,3872,2023
1933,673689733134946305,1768,668
1934,673688752737402881,1286,510
1935,673686845050527744,1470,453
1936,673680198160809984,1396,482
1937,673662677122719744,1277,370
1938,673656262056419329,729,250
1939,673636718965334016,1131,373
1940,673612854080196609,1612,742
1941,673583129559498752,1211,380
1942,673580926094458881,848,276
1943,673576835670777856,1408,578
1944,673363615379013632,1043,314
1945,673359818736984064,1483,692
1946,673355879178194945,1514,600
1947,673352124999274496,1680,552
1948,673350198937153538,755,220
1949,673345638550134785,2568,1319
1950,673343217010679808,989,278
1951,673342308415348736,1296,605
1952,673320132811366400,13699,8203
1953,673317986296586240,885,266
1954,673295268553605120,7651,3262
1955,673270968295534593,1081,380
1956,673240798075449344,1439,753
1957,673213039743795200,2291,874
1958,673148804208660480,1723,650
1959,672997845381865473,2000,741
1960,672995267319328768,973,307
1961,672988786805112832,995,301
1962,672984142909456390,1270,559
1963,672980819271634944,1846,1032
1964,672975131468300288,1711,941
1965,672970152493887488,961,366
1966,672968025906282496,1333,560
1967,672964561327235073,1441,658
1968,672902681409806336,1386,519
1969,672898206762672129,914,436
1970,672884426393653248,1581,853
1971,672877615439593473,1049,380
1972,672834301050937345,1332,585
1973,672828477930868736,1271,506
1974,672640509974827008,985,330
1975,672622327801233409,1315,509
1976,672614745925664768,1239,600
1977,672609152938721280,1128,399
1978,672604026190569472,1131,411
1979,672594978741354496,1350,623
1980,672591762242805761,964,343
1981,672591271085670400,742,189
1982,672538107540070400,1047,378
1983,672523490734551040,649,177
1984,672488522314567680,1131,449
1985,672482722825261057,1149,621
1986,672481316919734272,724,128
1987,672475084225949696,1453,718
1988,672466075045466113,1374,553
1989,672272411274932228,6547,3486
1990,672267570918129665,1523,630
1991,672264251789176834,1160,347
1992,672256522047614977,2851,1596
1993,672254177670729728,1453,762
1994,672248013293752320,1746,627
1995,672245253877968896,699,162
1996,672239279297454080,909,329
1997,672231046314901505,1862,1041
1998,672222792075620352,797,216
1999,672205392827572224,2297,1186
2000,672169685991993344,1037,378
2001,672160042234327040,879,369
2002,672139350159835138,1774,733
2003,672125275208069120,2444,1170
2004,672095186491711488,1011,376
2005,672082170312290304,953,375
2006,672068090318987265,1313,528
2007,671896809300709376,8590,4271
2008,671891728106971137,1345,585
2009,671882082306625538,3515,1413
2010,671879137494245376,1445,701
2011,671874878652489728,1264,574
2012,671866342182637568,1136,515
2013,671855973984772097,919,459
2014,671789708968640512,7153,3581
2015,671768281401958400,1208,540
2016,671763349865160704,1711,948
2017,671744970634719232,1362,792
2018,671743150407421952,749,237
2019,671735591348891648,1474,777
2020,671729906628341761,8624,4471
2021,671561002136281088,13009,7420
2022,671550332464455680,928,212
2023,671547767500775424,1370,611
2024,671544874165002241,2014,1074
2025,671542985629241344,1105,580
2026,671538301157904385,940,406
2027,671536543010570240,1191,420
2028,671533943490011136,1034,591
2029,671528761649688577,848,265
2030,671520732782923777,1418,540
2031,671518598289059840,966,300
2032,671511350426865664,1630,743
2033,671504605491109889,7136,3637
2034,671497587707535361,930,455
2035,671488513339211776,1026,479
2036,671486386088865792,585,210
2037,671485057807351808,771,236
2038,671390180817915904,1437,750
2039,671362598324076544,1126,301
2040,671357843010908160,405,150
2041,671355857343524864,485,116
2042,671347597085433856,971,439
2043,671186162933985280,745,218
2044,671182547775299584,1141,353
2045,671166507850801152,886,360
2046,671163268581498880,1684,1135
2047,671159727754231808,379,84
2048,671154572044468225,725,225
2049,671151324042559489,680,158
2050,671147085991960577,684,232
2051,671141549288370177,1184,671
2052,671138694582165504,942,415
2053,671134062904504320,761,199
2054,671122204919246848,3551,2591
2055,671115716440031232,1381,794
2056,671109016219725825,1162,452
2057,670995969505435648,1118,300
2058,670842764863651840,24935,8961
2059,670840546554966016,602,199
2060,670838202509447168,1129,713
2061,670833812859932673,456,128
2062,670832455012716544,745,225
2063,670826280409919488,5637,4157
2064,670823764196741120,786,197
2065,670822709593571328,619,99
2066,670815497391357952,3215,1577
2067,670811965569282048,1146,276
2068,670807719151067136,1171,502
2069,670804601705242624,1998,983
2070,670803562457407488,346,89
2071,670797304698376195,744,243
2072,670792680469889025,841,285
2073,670789397210615808,670,246
2074,670786190031921152,608,206
2075,670783437142401025,832,406
2076,670782429121134593,1588,793
2077,670780561024270336,794,297
2078,670778058496974848,331,74
2079,670764103623966721,1086,436
2080,670755717859713024,447,114
2081,670733412878163972,977,524
2082,670727704916926465,838,370
2083,670717338665226240,1228,509
2084,670704688707301377,774,383
2085,670691627984359425,597,250
2086,670679630144274432,756,290
2087,670676092097810432,252,44
2088,670668383499735048,10868,5178
2089,670474236058800128,1554,782
2090,670468609693655041,356,87
2091,670465786746662913,979,566
2092,670452855871037440,557,213
2093,670449342516494336,1210,685
2094,670444955656130560,6822,2031
2095,670442337873600512,651,202
2096,670435821946826752,1066,530
2097,670434127938719744,1425,661
2098,670433248821026816,331,117
2099,670428280563085312,1404,649
2100,670427002554466305,524,167
2101,670421925039075328,1328,651
2102,670420569653809152,635,322
2103,670417414769758208,578,325
2104,670411370698022913,2055,923
2105,670408998013820928,565,231
2106,670403879788544000,439,161
2107,670385711116361728,566,217
2108,670374371102445568,752,277
2109,670361874861563904,332,69
2110,670338931251150849,432,113
2111,670319130621435904,3914,1253
2112,670303360680108032,432,139
2113,670290420111441920,717,293
2114,670093938074779648,1044,344
2115,670086499208155136,707,261
2116,670079681849372674,2250,1275
2117,670073503555706880,1596,811
2118,670069087419133954,639,250
2119,670061506722140161,779,351
2120,670055038660800512,680,340
2121,670046952931721218,655,181
2122,670040295598354432,769,115
2123,670037189829525505,597,286
2124,670003130994700288,338,95
2125,669993076832759809,329,86
2126,669972011175813120,452,167
2127,669970042633789440,307,62
2128,669942763794931712,515,170
2129,669926384437997569,382,108
2130,669923323644657664,240,59
2131,669753178989142016,828,411
2132,669749430875258880,271,67
2133,669684865554620416,528,91
2134,669683899023405056,395,114
2135,669682095984410625,358,136
2136,669680153564442624,678,296
2137,669661792646373376,816,452
2138,669625907762618368,3580,1857
2139,669603084620980224,957,371
2140,669597912108789760,519,154
2141,669583744538451968,1511,949
2142,669573570759163904,441,145
2143,669571471778410496,1613,1043
2144,669567591774625800,240,58
2145,669564461267722241,392,128
2146,669393256313184256,373,79
2147,669375718304980992,1356,751
2148,669371483794317312,504,186
2149,669367896104181761,472,163
2150,669363888236994561,635,235
2151,669359674819481600,374,127
2152,669354382627049472,2749,1301
2153,669353438988365824,655,266
2154,669351434509529089,448,192
2155,669328503091937280,1026,426
2156,669327207240699904,585,119
2157,669324657376567296,503,213
2158,669216679721873412,1203,414
2159,669214165781868544,446,173
2160,669203728096960512,1017,491
2161,669037058363662336,667,321
2162,669015743032369152,754,382
2163,669006782128353280,586,257
2164,669000397445533696,21151,6525
2165,668994913074286592,448,238
2166,668992363537309700,751,355
2167,668989615043424256,691,337
2168,668988183816871936,909,484
2169,668986018524233728,563,173
2170,668981893510119424,545,317
2171,668979806671884288,805,356
2172,668975677807423489,1325,596
2173,668967877119254528,148,25
2174,668960084974809088,714,245
2175,668955713004314625,285,74
2176,668932921458302977,270,59
2177,668902994700836864,324,103
2178,668892474547511297,400,154
2179,668872652652679168,535,308
2180,668852170888998912,459,171
2181,668826086256599040,441,141
2182,668815180734689280,581,278
2183,668779399630725120,714,380
2184,668655139528511488,541,223
2185,668645506898350081,908,549
2186,668643542311546881,891,543
2187,668641109086707712,1096,552
2188,668636665813057536,1057,500
2189,668633411083464705,2861,1690
2190,668631377374486528,730,325
2191,668627278264475648,323,118
2192,668625577880875008,394,138
2193,668623201287675904,1454,792
2194,668620235289837568,205,44
2195,668614819948453888,620,321
2196,668587383441514497,1687,1102
2197,668567822092664832,248,57
2198,668544745690562560,527,232
2199,668542336805281792,468,221
2200,668537837512433665,255,77
2201,668528771708952576,469,232
2202,668507509523615744,330,111
2203,668496999348633600,420,135
2204,668484198282485761,433,241
2205,668480044826800133,469,152
2206,668466899341221888,893,526
2207,668297328638447616,628,304
2208,668291999406125056,247,32
2209,668286279830867968,511,142
2210,668274247790391296,834,235
2211,668268907921326080,560,243
2212,668256321989451776,1317,633
2213,668248472370458624,1007,501
2214,668237644992782336,6283,2908
2215,668226093875376128,304,106
2216,668221241640230912,515,203
2217,668204964695683073,558,200
2218,668190681446379520,661,200
2219,668171859951755264,498,201
2220,668154635664932864,504,323
2221,668142349051129856,571,294
2222,668113020489474048,672,248
2223,667937095915278337,1277,808
2224,667924896115245057,306,113
2225,667915453470232577,212,58
2226,667911425562669056,494,310
2227,667902449697558528,859,383
2228,667886921285246976,1905,1113
2229,667885044254572545,825,499
2230,667878741721415682,394,122
2231,667873844930215936,632,416
2232,667866724293877760,3028,1052
2233,667861340749471744,244,78
2234,667832474953625600,292,63
2235,667806454573760512,1065,505
2236,667801013445750784,330,97
2237,667793409583771648,707,336
2238,667782464991965184,414,248
2239,667773195014021121,237,58
2240,667766675769573376,445,220
2241,667728196545200128,379,152
2242,667724302356258817,488,324
2243,667550904950915073,0,35
2244,667550882905632768,0,33
2245,667549055577362432,5839,2322
2246,667546741521195010,336,126
2247,667544320556335104,874,532
2248,667538891197542400,205,66
2249,667534815156183040,825,549
2250,667530908589760512,472,244
2251,667524857454854144,1710,1124
2252,667517642048163840,369,194
2253,667509364010450944,6819,2159
2254,667502640335572993,537,222
2255,667495797102141441,522,274
2256,667491009379606528,532,232
2257,667470559035432960,257,100
2258,667455448082227200,192,60
2259,667453023279554560,314,91
2260,667443425659232256,784,588
2261,667437278097252352,451,242
2262,667435689202614272,305,84
2263,667405339315146752,468,221
2264,667393430834667520,196,58
2265,667369227918143488,367,166
2266,667211855547486208,495,244
2267,667200525029539841,616,263
2268,667192066997374976,385,109
2269,667188689915760640,744,421
2270,667182792070062081,14383,6262
2271,667177989038297088,192,55
2272,667176164155375616,612,464
2273,667174963120574464,245,84
2274,667171260800061440,221,91
2275,667165590075940865,2700,1147
2276,667160273090932737,257,62
2277,667152164079423490,47893,17244
2278,667138269671505920,4621,2228
2279,667119796878725120,330,128
2280,667090893657276420,332,129
2281,667073648344346624,404,123
2282,667070482143944705,82,14
2283,667065535570550784,166,48
2284,667062181243039745,218,55
2285,667044094246576128,183,51
2286,667012601033924608,448,225
2287,666996132027977728,244,94
2288,666983947667116034,2551,987
2289,666837028449972224,818,556
2290,666835007768551424,213,80
2291,666826780179869698,254,97
2292,666817836334096384,517,251
2293,666804364988780544,240,94
2294,666786068205871104,759,487
2295,666781792255496192,387,195
2296,666776908487630848,351,175
2297,666739327293083650,236,66
2298,666701168228331520,430,219
2299,666691418707132416,186,47
2300,666649482315059201,1117,624
2301,666644823164719104,230,81
2302,666454714377183233,516,208
2303,666447344410484738,104,20
2304,666437273139982337,124,48
2305,666435652385423360,164,53
2306,666430724426358785,312,195
2307,666428276349472768,164,83
2308,666421158376562688,313,111
2309,666418789513326592,122,45
2310,666411507551481857,438,323
2311,666407126856765440,105,40
2312,666396247373291520,164,84
2313,666373753744588802,185,90
2314,666362758909284353,763,562
2315,666353288456101888,215,71
2316,666345417576210432,288,133
2317,666337882303524864,193,90
2318,666293911632134144,490,347
2319,666287406224695296,143,64
2320,666273097616637952,171,76
2321,666268910803644416,100,35
2322,666104133288665088,14074,6430
2323,666102155909144576,78,12
2324,666099513787052032,151,66
2325,666094000022159362,161,72
2326,666082916733198337,114,44
2327,666073100786774016,316,160
2328,666071193221509120,142,59
2329,666063827256086533,465,213
2330,666058600524156928,109,57
2331,666057090499244032,290,139
2332,666055525042405380,429,237
2333,666051853826850816,1204,837
2334,666050758794694657,130,59
2335,666049248165822465,106,41
2336,666044226329800704,293,139
2337,666033412701032449,123,43
2338,666029285002620928,125,47
2339,666020888022790149,2530,501
